{
  "system_architecture": {
    "deployment_model": "Hybrid Cloud-Edge Architecture",
    "scaling_approach": "Horizontal auto-scaling with predictive load balancing",
    "data_flow": {
      "ingestion": "Real-time video/audio streams, IoT sensor data, external intelligence feeds",
      "processing": "Distributed across edge nodes, local servers, and cloud instances",
      "storage": "Multi-tier (hot/warm/cold) with vector embeddings and time-series data",
      "output": "Real-time alerts, dashboards, API responses, and automated actions"
    }
  },
  "performance_requirements": {
    "latency": {
      "video_processing": "< 50ms end-to-end",
      "threat_detection": "< 100ms from trigger to alert",
      "dashboard_updates": "< 10ms WebSocket latency",
      "API_responses": "< 200ms for complex queries"
    },
    "throughput": {
      "concurrent_video_streams": "1000+ simultaneous feeds",
      "API_requests": "10,000+ requests/second",
      "data_ingestion": "10GB/second peak load",
      "ML_inferences": "100,000+ predictions/second"
    },
    "availability": "99.95% uptime with graceful degradation"
  },
  "technical_stack": {
    "compute_infrastructure": {
      "edge_devices": "NVIDIA Jetson Xavier NX, Intel Neural Compute Stick",
      "local_processing": "GPU clusters (RTX 4090, A100), high-memory servers",
      "cloud_services": "Auto-scaling Kubernetes clusters, serverless functions"
    },
    "databases": {
      "vector_db": "Milvus/Qdrant for embeddings and similarity search",
      "time_series": "InfluxDB for sensor and performance metrics",
      "relational": "PostgreSQL for structured data and configurations",
      "cache": "Redis for session management and real-time data",
      "message_queue": "Apache Kafka for event streaming"
    },
    "ml_frameworks": {
      "training": "PyTorch, TensorFlow, Hugging Face Transformers",
      "inference": "ONNX Runtime, TensorRT, OpenVINO",
      "computer_vision": "OpenCV, NVIDIA DeepStream, Intel OpenVINO"
    }
  },
  "security_features": {
    "data_protection": [
      "End-to-end encryption for all video streams",
      "Privacy-preserving facial recognition with local processing",
      "GDPR/CCPA compliant data handling and retention",
      "Secure multi-tenant isolation"
    ],
    "access_control": [
      "Role-based access control (RBAC) with fine-grained permissions",
      "Multi-factor authentication and single sign-on",
      "API key management with rate limiting",
      "Audit logging for all system activities"
    ],
    "threat_mitigation": [
      "DDoS protection and traffic filtering",
      "Intrusion detection and automated response",
      "Secure container scanning and runtime protection",
      "Encrypted storage and secure key management"
    ]
  },
  "integration_capabilities": {
    "external_systems": [
      "Existing CCTV and security camera networks",
      "Access control systems and alarm panels",
      "Emergency response and dispatch systems",
      "Law enforcement databases and watch lists",
      "Building management and IoT sensor networks"
    ],
    "data_sources": [
      "IP cameras (ONVIF, RTSP protocols)",
      "Audio sensors and microphone arrays",
      "Environmental sensors (temperature, motion, smoke)",
      "Social media and news feeds for threat intelligence",
      "Mobile apps for field personnel reporting"
    ],
    "output_integrations": [
      "SIEM systems for security event correlation",
      "Mobile apps for alerts and field operations",
      "Emergency notification systems",
      "Video analytics platforms",
      "Business intelligence and reporting tools"
    ]
  }
}